{
  "version": 1,
  "author": "pzsanata",
  "editor": "wokwi",
  "parts": [
    { "type": "board-esp32-devkit-c-v4", "id": "esp", "top": -38.4, "left": 139.24, "attrs": {} },
    { "type": "wokwi-dht22", "id": "dht1", "top": -172.5, "left": 186.6, "attrs": {} },
    {
      "type": "wokwi-photoresistor-sensor",
      "id": "ldr1",
      "top": -44.8,
      "left": -95.2,
      "attrs": {}
    },
    {
      "type": "wokwi-pushbutton",
      "id": "btn1",
      "top": -76.9,
      "left": 349.1,
      "rotate": 90,
      "attrs": { "color": "green", "xray": "1" }
    },
    {
      "type": "wokwi-pushbutton",
      "id": "btn2",
      "top": -76.9,
      "left": 301.1,
      "rotate": 90,
      "attrs": { "color": "green", "xray": "1" }
    },
    {
      "type": "wokwi-pushbutton",
      "id": "btn3",
      "top": -76.9,
      "left": 253.1,
      "rotate": 90,
      "attrs": { "color": "green", "xray": "1" }
    },
    { "type": "wokwi-relay-module", "id": "relay1", "top": 211.4, "left": 144, "attrs": {} }
  ],
  "connections": [
    [ "esp:TX", "$serialMonitor:RX", "", [] ],
    [ "esp:RX", "$serialMonitor:TX", "", [] ],
    [ "dht1:VCC", "esp:3V3", "red", [ "h-67.2", "v86.4", "h-0.15" ] ],
    [ "relay1:VCC", "esp:5V", "red", [ "h0" ] ],
    [ "esp:GND.2", "btn3:2.r", "black", [ "v0" ] ],
    [ "esp:GND.2", "btn2:2.r", "black", [ "h105.6", "v0", "h29" ] ],
    [ "esp:GND.2", "btn1:2.r", "black", [ "v0", "v9.6", "h192.2" ] ],
    [ "relay1:GND", "esp:GND.1", "black", [ "h-9.6", "v-67.6", "v0", "v-57.6" ] ],
    [ "dht1:SDA", "esp:15", "green", [ "v9.6", "h28.9", "v249.6" ] ],
    [ "dht1:GND", "esp:GND.2", "black", [ "h38.4", "v86.4" ] ],
    [ "esp:4", "relay1:IN", "blue", [ "h38.4", "v172.8", "h-134.4" ] ],
    [ "esp:23", "btn3:1.r", "green", [ "h0" ] ],
    [ "esp:22", "btn2:1.r", "green", [ "h0" ] ],
    [ "esp:21", "btn1:1.r", "green", [ "h0" ] ],
    [ "ldr1:VCC", "esp:3V3", "red", [ "h0" ] ],
    [ "ldr1:GND", "esp:GND.1", "black", [ "h57.6", "v143.6" ] ],
    [ "esp:34", "ldr1:AO", "gold", [ "h0" ] ]
  ],
  "dependencies": {}
}